Record ID,Last Updated Time
CZMwNeH4bTNUiwwR7lJF,2023-10-13 08:45:52 EDT
27tFEKyDO5rb7wex0HIF,2023-10-13 09:55:10 EDT
PTLeRCJ9tMUOLqjkjub2,2023-10-13 09:43:54 EDT
YP6QdWKcWFjpgS2lnnfK,2023-10-13 09:10:33 EDT
G6dfCPnUu2kET4s3u40N,2023-10-13 10:23:07 EDT
l6khPtccaoiL3AJy3Tlh,2023-10-13 08:46:52 EDT
bc9XIHWQkudVqfFx9hA9,2023-10-13 09:55:30 EDT
cyDC0skLme5Kpzwywcko,2023-10-13 09:43:47 EDT
ahxUPzD6Z0qpgtMFwkTZ,2023-10-13 11:18:33 EDT
DkiYTDtNsylwaKfZ7ITo,2023-10-13 11:17:19 EDT
0KOG4l5KMdwFJZpmiC0z,2023-10-13 10:47:12 EDT
iP9IsHf1NOtNi2Uyqyr0,2023-10-13 11:27:47 EDT
93aob4NHtdtlrIy9zY0k,2023-10-13 11:17:19 EDT
tBRaFVAvcWiYxsMCZ6R5,2023-10-13 09:55:11 EDT
QqwLhjmoPoeaK9CzWuF4,2023-10-13 12:36:58 EDT
oO09WVZfgGDJ9YW2I3nH,2023-10-13 12:36:59 EDT
MpjFhQM785mIYMZzk1Zl,2023-10-13 12:02:08 EDT
1h91pPb64GLrO2YGAaKO,2023-10-13 11:45:23 EDT
zaaL3vpdkh544AbuiaMR,2023-10-13 11:18:34 EDT
2glWbxuFatlvefPBjvu5,2023-10-13 12:01:20 EDT
MVcTh6zh3cWuFgSyjGhe,2023-10-13 16:06:24 EDT
pgwiqKrRMO546ZjIFs6q,2023-10-13 12:12:21 EDT
4rajsX6JvHYFjcTnbSaR,2023-10-13 16:06:24 EDT
ovbEnuhMWlHltqTZESXQ,2023-10-13 14:31:20 EDT
sPyDa6idtGzLNL8l9TXS,2023-10-13 14:07:54 EDT
1domGQ6Iq1xitH6jCOyI,2023-10-13 16:06:24 EDT
BGrVLBdAdfR5IjBPTncc,2023-10-13 13:55:47 EDT
bkgKqxFxYvIxeb20F3ys,2023-10-13 13:28:26 EDT
tUSjivORdQVVw45yGXMn,2023-10-13 16:06:25 EDT
SU7iiIrBpwmeEH1PKs2n,2023-10-13 15:53:35 EDT
4PJuTSsw2GYsUX20llKz,2023-10-13 13:16:19 EDT
5wTLU07ZVsIh9OFwCkGJ,2023-10-13 16:11:42 EDT
DNpx7RRbdMWpgxifu34b,2023-10-13 14:30:51 EDT
E1vUoKQISZmMRMjptsAo,2023-10-13 16:22:26 EDT
4zRjyD5cQG7QHG9AG6Um,2023-10-13 16:11:42 EDT
CnAgfWAPbOTBUlmzuzXx,2023-10-13 16:00:48 EDT
X3yCiQ7af6xKXtS4ez43,2023-10-13 14:24:42 EDT
rcRcW4KgGP4SNDj5qm7c,2023-10-13 15:56:55 EDT
mAXd0dNiD5oYZK5Fvadn,2023-10-13 15:57:56 EDT
2PpNvRnhadcbOWQN5okt,2023-10-13 16:20:17 EDT
hpFaUnJAnlnNktbaw7FH,2023-10-13 16:28:46 EDT
WjoWKiQCqa3W99KPNVPr,2023-10-16 09:11:17 EDT
YEGP5gIVIW5F9F7Yh5yi,2023-10-16 09:11:18 EDT
MtN0yCPMKbPXVPVwSQ8u,2023-10-16 09:12:36 EDT
8JxBgwZKinKtD9xx7xAS,2023-10-16 11:15:37 EDT
ynd6Fq1IBAXMcZX7ee0k,2023-10-16 09:11:17 EDT
waOogFTjeedFRiCO5s0W,2023-10-16 12:09:16 EDT
e4QbrOC7M8rqpjJOK1mb,2023-10-16 11:15:49 EDT
qvXlG5cVUpcfPdDRBDNb,2023-10-16 09:58:41 EDT
wZoeAOkKG8mk6QMUEsNw,2023-10-16 11:15:28 EDT
edWg1wWn9qeHdRnGUE1j,2023-10-16 11:36:40 EDT
Cp56Ln0iFimYCOcfsKxu,2023-10-16 09:16:08 EDT
7tm95HU2IqjRDJUKEBmF,2023-10-16 11:36:41 EDT
DGj7FiHab8zdipl2MV7V,2023-10-16 12:52:53 EDT
Rl8yMPkJBMD3nd6dCQjb,2023-10-16 11:36:42 EDT
Byo10DWVMclUjkHX7kM8,2023-10-16 12:52:51 EDT
ql2ir5XfO0WNiKxjB42i,2023-10-16 13:22:38 EDT
LwtLME3OOCEIslkRkiL1,2023-10-16 12:52:52 EDT
UHI9NVGlOpWOMdcg6giw,2023-10-16 14:20:00 EDT
berbyGtXT3YHAaUcANL7,2023-10-16 15:37:49 EDT
1Or8yCJMcF9gMqkW5asq,2023-10-16 15:33:49 EDT
H8YUMZn2tj0TsJlGsovr,2023-10-16 15:37:49 EDT
fMmUbUiHTezt4lJINJXq,2023-10-16 14:49:30 EDT
U1wyo6jqzqDcRzdBSfDp,2023-10-16 15:48:26 EDT
9KFxCfo4kwtMmUd0KegI,2023-10-16 16:04:45 EDT
